keyword,role,seniority,location,intent,search_volume
hire senior React developer in Dubai,React Developer,Senior,Dubai,transactional,320
remote Python team in Riyadh,Python Developer,Team,Riyadh,transactional,180
find Node.js engineer Abu Dhabi,Node.js Engineer,Mid-level,Abu Dhabi,informational,95
hire full-stack developer Kuwait,Full-stack Developer,Mid-level,Kuwait,transactional,145
recruit DevOps specialist Doha,DevOps Specialist,Senior,Doha,transactional,210
best Vue.js developer Qatar,Vue.js Developer,Senior,Qatar,informational,75
hire junior frontend developer Jeddah,Frontend Developer,Junior,Jeddah,transactional,280
remote backend engineer UAE,Backend Engineer,Senior,UAE,transactional,195
find Angular developer Bahrain,Angular Developer,Mid-level,Bahrain,informational,110
hire cloud architect Saudi Arabia,Cloud Architect,Senior,Saudi Arabia,transactional,165
